feature,rf_importance,rf_rank,mi_importance,mi_rank,ridge_coef,ridge_rank,avg_rank
home_pace,0.06102198550303029,1.0,0.05933146597835126,1.0,1.3067737064365448,11.0,4.333333333333333
home_ft_rate,0.02124111737822738,11.0,0.02748128909216785,8.0,5.375297483027827,1.0,6.666666666666667
away_pace,0.04494828111183342,4.0,0.025698955293149695,11.0,1.1739106825577583,13.0,9.333333333333334
away_ft_rate,0.023854569736388536,8.0,0.008607265277922771,30.0,3.9141042991141255,3.0,13.666666666666666
home_orb_rate,0.024468810396234265,7.0,0.009796864161802255,28.0,1.7428607327929928,8.0,14.333333333333334
away_recent_points,0.04693817550007409,2.0,0.04811898297929318,3.0,0.14939053177455036,42.0,15.666666666666666
home_tov_rate,0.01917251408122771,17.0,0.010124873167337789,27.0,2.674266128422219,5.0,16.333333333333332
away_orb_rate,0.020702671376558516,13.0,0.0075729770776034044,31.0,2.5576135053201,6.0,16.666666666666668
away_def_rating,0.02222742257923002,9.0,0.02003338371521135,19.0,0.4054976130935968,32.0,20.0
away_recent_allowed,0.04679563337924763,3.0,0.04977838391178757,2.0,0.0636428792169786,56.0,20.333333333333332
away_road_win_pct,0.013485477037242106,29.0,0.012176550423770749,25.0,2.089335712393788,7.0,20.333333333333332
away_ts_proxy,0.008931335835410352,41.0,0.02714486656613424,9.0,0.9463808929873347,15.0,21.666666666666668
away_win_pct,0.014022246446081172,28.0,0.015793235778319037,22.0,0.861986911433963,16.0,22.0
schedule_strength_diff,0.02119504237617436,12.0,0.035454385275256683,4.0,0.08481227575231162,51.0,22.333333333333332
home_ts_proxy,0.011606625939611372,34.0,0.022733387800919047,16.0,0.7596335919706864,17.0,22.333333333333332
home_efg,0.019396215803467856,15.0,0.0033258225231227456,41.0,1.2971633402734852,12.0,22.666666666666668
home_efficiency_score,0.008725679386451066,42.0,0.032629455348867076,5.0,0.4936672066096088,26.0,24.333333333333332
home_win_pct,0.011099350675725699,36.0,0.006358663873924364,36.0,5.3483363289176715,2.0,24.666666666666668
away_tov_rate,0.01793992903050987,20.0,0.026775534954490254,10.0,0.12122493985305718,45.0,25.0
away_four_factor_weighted,0.01320453908167768,30.0,0.024340554376169443,13.0,0.3278873639967311,34.0,25.666666666666668
home_recent_allowed,0.03950734634244602,6.0,0.031138603640782136,6.0,0.00434238398219323,71.0,27.666666666666668
recent_wins_diff,0.00558086782766968,54.0,0.02350321629504304,15.0,0.9608595826096306,14.0,27.666666666666668
home_recent_points,0.04166479536698093,5.0,0.0027006039127819292,44.0,0.17169331903820023,40.0,29.666666666666668
ts_proxy_diff,0.01253536578845407,32.0,0.0010527340417132436,49.0,1.7060144849580177,9.0,30.0
four_factor_diff,0.016241357207989034,24.0,0.0,63.5,2.9768533416605836,4.0,30.5
home_recent_margin,0.014727537462093028,27.0,0.024153589045095458,14.0,0.06422822001363292,55.0,32.0
home_four_factor_weighted,0.012343756290326942,33.0,0.0027532527787865746,43.0,0.6074236718917405,21.0,32.333333333333336
home_home_win_pct,0.010148598033862161,38.0,0.0006111771532681942,51.0,1.3195795670323713,10.0,33.0
off_rating_diff,0.010470720313163937,37.0,0.028187994392224525,7.0,0.04919649403151798,59.0,34.333333333333336
recent_margin_diff,0.015433141911436452,26.0,0.01247982280873039,24.0,0.07484809001389148,53.0,34.333333333333336
away_schedule_strength,0.022029725315671884,10.0,0.011332057921802807,26.0,0.011176768356848768,68.0,34.666666666666664
home_def_rating,0.019758805467137156,14.0,0.0,63.5,0.451153854111449,27.0,34.833333333333336
home_net_rating,0.008197708665168408,46.0,0.024909241668068738,12.0,0.11728942348949853,47.0,35.0
home_assist_ratio_proxy,0.017899756361002498,21.0,0.0,63.5,0.5443920724384836,24.0,36.166666666666664
pace_diff,0.019305253506789258,16.0,0.000820649376609417,50.0,0.13286302387575255,44.0,36.666666666666664
recent_points_diff,0.016262618957728257,23.0,0.014463923229042663,23.0,0.022302787300369564,64.0,36.666666666666664
home_off_rating,0.012666415333341459,31.0,0.0016224005646927608,47.0,0.33386443062048893,33.0,37.0
four_factor_weighted_diff,0.009295943940373856,40.0,0.006441136955982252,35.0,0.27953630789500655,37.0,37.333333333333336
away_off_rating,0.00865947022659412,43.0,0.004881999800200987,39.0,0.2846679365866451,36.0,39.333333333333336
away_efg,0.008384961177676741,45.0,0.0005107779217556896,52.0,0.554970463075916,22.0,39.666666666666664
away_efficiency_score,0.008111833892944046,47.0,0.0020517895922882445,46.0,0.4405654029066878,28.0,40.333333333333336
h2h_win_pct_diff,0.004252154577878289,61.0,0.005679869696799678,38.0,0.5327219337165902,25.0,41.333333333333336
recent_allowed_diff,0.016913324144393903,22.0,0.0022394854374656603,45.0,0.05930049523798179,57.0,41.333333333333336
h2h_wins_diff,0.004847126855044977,56.0,0.017779236330241588,20.0,0.08692209424356959,50.0,42.0
h2h_home_win_pct,0.004612409225434309,59.0,0.009329965354433867,29.0,0.2663609668583098,38.0,42.0
away_assist_ratio_proxy,0.008561919518136564,44.0,0.0,63.5,0.6197747800433872,20.0,42.5
home_rest_days,0.0058230410912254935,53.0,0.02116665541807672,18.0,0.02564155226951965,62.0,44.333333333333336
home_schedule_strength,0.01805185147102745,18.0,0.0,63.5,0.07363550739604724,54.0,45.166666666666664
rest_days_diff,0.00757085898353355,48.0,0.017440961056082838,21.0,0.012617567466724227,67.0,45.333333333333336
h2h_recent_home_wins,0.003577089005630664,64.0,0.007215468007927495,32.0,0.14226868070673002,43.0,46.333333333333336
def_rating_diff,0.017994362733724404,19.0,0.0,63.5,0.04565624101721275,61.0,47.833333333333336
h2h_home_wins,0.004698414442960897,58.0,0.02154947028029186,17.0,0.006632142621733372,70.0,48.333333333333336
away_recent_margin,0.01601328309596727,25.0,0.00024398090567778752,53.0,0.01061986999944044,69.0,49.0
away_net_rating,0.009344170035290473,39.0,0.0,63.5,0.12082967650822889,46.0,49.5
away_recent_wins,0.0036668898758768637,63.0,0.0,63.5,0.5539869270482906,23.0,49.833333333333336
h2h_recent_wins_diff,0.005831081659016989,52.0,0.006640921873262151,33.0,0.016381773406504818,65.0,50.0
assist_ratio_diff,0.011491229069703039,35.0,0.0,63.5,0.07538270760491636,52.0,50.166666666666664
h2h_recent_total,0.0023898435664102356,68.0,0.0011801191311882064,48.0,0.30091913482030075,35.0,50.333333333333336
home_b2b_x_home,0.0019388173739819656,69.0,0.0001939460385498304,54.0,0.4241519208769484,29.0,50.666666666666664
away_is_b2b,0.0007492210089703646,71.0,0.0,63.5,0.6752438639079636,19.0,51.166666666666664
away_b2b_x_away,0.0007333000924482588,72.0,0.0,63.5,0.6752438639079644,18.0,51.166666666666664
home_recent_wins,0.0045351438522481715,60.0,0.0,63.5,0.40687265556117463,31.0,51.5
net_rating_diff,0.006949930373053699,50.0,0.0062541452649496065,37.0,0.0035402530148450385,72.0,53.0
h2h_total_games,0.006791129869516835,51.0,0.0,63.5,0.10018637948819421,48.0,54.166666666666664
h2h_recent_home_win_pct,0.0034530393640075756,66.0,0.006614772656292178,34.0,0.0244736379347035,63.0,54.333333333333336
away_rest_days,0.005177364924248901,55.0,0.002921165351618349,42.0,0.013023984790002854,66.0,54.333333333333336
home_is_b2b,0.0011543045127991069,70.0,0.0,63.5,0.42415192087694276,30.0,54.5
h2h_recent_win_pct_diff,0.003468905581260667,65.0,0.0046752927063695715,40.0,0.048947275869407496,60.0,55.0
h2h_recent_away_wins,0.004112848499202456,62.0,0.0,63.5,0.1586504541132376,41.0,55.5
h2h_away_wins,0.004722946710278088,57.0,0.0,63.5,0.09355423686410404,49.0,56.5
b2b_diff,0.0029356370796292056,67.0,0.0,63.5,0.25109194303144855,39.0,56.5
efficiency_diff,0.007434759363846005,49.0,0.0,63.5,0.05310180370291517,58.0,56.833333333333336
